{
  "overview": {
    "total_events": 1048575,
    "unique_users": 168899,
    "purchase_rate": 0.062382,
    "cart_abandonment": 0.444323
  },
  "session_stats": {
    "total_sessions": 235534,
    "purchased_sessions": 14693,
    "cart_sessions": 9142,
    "abandoned_cart_sessions": 4062
  },
  "funnel": {
    "view": 1016239,
    "cart": 15040,
    "purchase": 17296
  },
  "daily_event_volume": {
    "labels": [
      "2019-10-01"
    ],
    "view": [
      1016239
    ],
    "cart": [
      15040
    ],
    "purchase": [
      17296
    ]
  },
  "top_categories": {
    "labels": [
      "unknown",
      "smartphone",
      "clocks",
      "notebook",
      "headphone",
      "tv"
    ],
    "values": [
      31.93,
      27.37,
      3.55,
      2.87,
      2.63,
      2.21
    ]
  },
  "hourly_activity": {
    "labels": [
      "0h",
      "1h",
      "2h",
      "3h",
      "4h",
      "5h",
      "6h",
      "7h",
      "8h",
      "9h",
      "10h",
      "11h",
      "12h",
      "13h",
      "14h",
      "15h",
      "16h",
      "17h",
      "18h",
      "19h",
      "20h",
      "21h",
      "22h",
      "23h"
    ],
    "values": [
      1083,
      121,
      22886,
      49409,
      55290,
      63646,
      66211,
      71138,
      73621,
      71288,
      66044,
      64373,
      62995,
      66777,
      78901,
      93322,
      99134,
      42336,
      0,
      0,
      0,
      0,
      0,
      0
    ]
  },
  "top_brands": {
    "labels": [
      "apple",
      "samsung",
      "unknown",
      "xiaomi",
      "huawei",
      "lucente",
      "acer",
      "lg",
      "lenovo",
      "oppo"
    ],
    "values": [
      58.04,
      23.5,
      4.31,
      4.31,
      2.85,
      1.81,
      1.77,
      1.64,
      0.95,
      0.81
    ]
  },
  "price_distribution": {
    "labels": [
      "<$10",
      "$10-25",
      "$25-50",
      "$50-100",
      "$100-250",
      "$250-500",
      ">$500"
    ],
    "values": [
      2.62,
      5.61,
      11.41,
      15.12,
      29.07,
      18.8,
      17.38
    ]
  },
  "session_duration_distribution": {
    "labels": [
      "<1",
      "1-3",
      "3-5",
      "5-10",
      "10-20",
      "20-30",
      ">30"
    ],
    "values": [
      50.03,
      18.66,
      9.39,
      10.59,
      6.47,
      1.99,
      2.87
    ]
  },
  "source": "2019-Oct.csv"
}